<?xml version="1.0" encoding="UTF-8"?>
<!--
    Licensed to the Apache Software Foundation (ASF) under one or more
    contributor license agreements.  See the NOTICE file distributed with
    this work for additional information regarding copyright ownership.
    The ASF licenses this file to You under the Apache License, Version 2.0
    (the "License"); you may not use this file except in compliance with
    the License.  You may obtain a copy of the License at

    http://www.apache.org/licenses/LICENSE-2.0

    Unless required by applicable law or agreed to in writing, software
    distributed under the License is distributed on an "AS IS" BASIS,
    WITHOUT WARRANTIES OR CONDITIONS OF ANY KIND, either express or implied.
    See the License for the specific language governing permissions and
    limitations under the License.
-->
<component>
  <!--<id>common-bin</id>-->

  <dependencySets>
    <dependencySet>
      <outputDirectory>/lib</outputDirectory>
      <unpack>false</unpack>
      <scope>runtime</scope>
      <includes>
        <include>org.apache.camel:camel-ahc</include>
        <include>org.apache.camel:camel-amqp</include>
        <include>org.apache.camel:camel-apns</include>
        <include>org.apache.camel:camel-atom</include>
        <include>org.apache.camel:camel-aws</include>
        <include>org.apache.camel:camel-avro</include>
        <include>org.apache.camel:camel-bam</include>
        <include>org.apache.camel:camel-base64</include>
        <include>org.apache.camel:camel-beanio</include>
        <include>org.apache.camel:camel-bean-validator</include>
        <include>org.apache.camel:camel-bindy</include>
        <include>org.apache.camel:camel-blueprint</include>
        <include>org.apache.camel:camel-cache</include>
        <include>org.apache.camel:camel-castor</include>
        <include>org.apache.camel:camel-cdi</include>
        <include>org.apache.camel:camel-cmis</include>
        <include>org.apache.camel:camel-core</include>
        <include>org.apache.camel:camel-core-osgi</include>
        <include>org.apache.camel:camel-cometd</include>
        <include>org.apache.camel:camel-context</include>
        <include>org.apache.camel:camel-couchdb</include>
        <include>org.apache.camel:camel-crypto</include>
        <include>org.apache.camel:camel-csv</include>
        <include>org.apache.camel:camel-cxf</include>
        <include>org.apache.camel:camel-cxf-transport</include>
        <include>org.apache.camel:camel-dns</include>
        <include>org.apache.camel:camel-dozer</include>
        <include>org.apache.camel:camel-eclipse</include>
        <include>org.apache.camel:camel-ejb</include>
        <include>org.apache.camel:camel-elasticsearch</include>
        <include>org.apache.camel:camel-eventadmin</include>
        <include>org.apache.camel:camel-exec</include>
        <include>org.apache.camel:camel-flatpack</include>
        <include>org.apache.camel:camel-fop</include>
        <include>org.apache.camel:camel-freemarker</include>
        <include>org.apache.camel:camel-ftp</include>
        <include>org.apache.camel:camel-gae</include>
        <include>org.apache.camel:camel-groovy</include>
        <include>org.apache.camel:camel-guava-eventbus</include>
        <include>org.apache.camel:camel-guice</include>
        <include>org.apache.camel:camel-gson</include>
        <include>org.apache.camel:camel-hl7</include>
        <include>org.apache.camel:camel-hawtdb</include>
        <include>org.apache.camel:camel-hazelcast</include>
        <include>org.apache.camel:camel-hbase</include>
        <include>org.apache.camel:camel-hdfs</include>
        <include>org.apache.camel:camel-http</include>
        <include>org.apache.camel:camel-http4</include>
        <include>org.apache.camel:camel-ibatis</include>
        <include>org.apache.camel:camel-irc</include>
        <include>org.apache.camel:camel-jackson</include>
        <include>org.apache.camel:camel-jasypt</include>
        <include>org.apache.camel:camel-javaspace</include>
        <include>org.apache.camel:camel-jaxb</include>
        <include>org.apache.camel:camel-jcr</include>
        <include>org.apache.camel:camel-jdbc</include>
        <include>org.apache.camel:camel-jetty</include>
        <include>org.apache.camel:camel-jibx</include>
        <include>org.apache.camel:camel-jing</include>
        <include>org.apache.camel:camel-jms</include>
        <include>org.apache.camel:camel-jmx</include>
        <include>org.apache.camel:camel-josql</include>
        <include>org.apache.camel:camel-jpa</include>
        <include>org.apache.camel:camel-jsch</include>
        <include>org.apache.camel:camel-jt400</include>
        <include>org.apache.camel:camel-juel</include>
        <include>org.apache.camel:camel-jxpath</include>
        <include>org.apache.camel:camel-kestrel</include>
        <include>org.apache.camel:camel-krati</include>
        <include>org.apache.camel:camel-ldap</include>
        <include>org.apache.camel:camel-leveldb</include>
        <include>org.apache.camel:camel-lucene</include>
        <include>org.apache.camel:camel-mail</include>
        <include>org.apache.camel:camel-mina</include>
        <include>org.apache.camel:camel-mina2</include>
        <include>org.apache.camel:camel-mongodb</include>
        <include>org.apache.camel:camel-mqtt</include>
        <include>org.apache.camel:camel-msv</include>
        <include>org.apache.camel:camel-mvel</include>
        <include>org.apache.camel:camel-mybatis</include>
        <include>org.apache.camel:camel-nagios</include>
        <include>org.apache.camel:camel-netty</include>
        <include>org.apache.camel:camel-ognl</include>
        <include>org.apache.camel:camel-paxlogging</include>
        <include>org.apache.camel:camel-printer</include>
        <include>org.apache.camel:camel-protobuf</include>
        <include>org.apache.camel:camel-quartz</include>
        <include>org.apache.camel:camel-quickfix</include>
        <include>org.apache.camel:camel-restlet</include>
        <include>org.apache.camel:camel-rmi</include>
        <include>org.apache.camel:camel-routebox</include>
        <include>org.apache.camel:camel-rss</include>
        <include>org.apache.camel:camel-ruby</include>
        <include>org.apache.camel:camel-rx</include>
        <include>org.apache.camel:camel-saxon</include>
        <include>org.apache.camel:camel-scala</include>
        <include>org.apache.camel:camel-scala_2.9</include>
        <include>org.apache.camel:camel-script</include>
        <include>org.apache.camel:camel-servlet</include>
        <include>org.apache.camel:camel-servletlistener</include>
        <include>org.apache.camel:camel-shiro</include>
        <include>org.apache.camel:camel-sip</include>
        <include>org.apache.camel:camel-sjms</include>
        <include>org.apache.camel:camel-smpp</include>
        <include>org.apache.camel:camel-snmp</include>
        <include>org.apache.camel:camel-soap</include>
        <include>org.apache.camel:camel-solr</include>
        <include>org.apache.camel:camel-spring</include>
        <include>org.apache.camel:camel-spring-batch</include>
        <include>org.apache.camel:camel-spring-integration</include>
        <include>org.apache.camel:camel-spring-javaconfig</include>
        <include>org.apache.camel:camel-spring-ldap</include>
        <include>org.apache.camel:camel-spring-redis</include>
        <include>org.apache.camel:camel-spring-security</include>
        <include>org.apache.camel:camel-spring-ws</include>
        <include>org.apache.camel:camel-sql</include>
        <include>org.apache.camel:camel-ssh</include>
        <include>org.apache.camel:camel-stax</include>
        <include>org.apache.camel:camel-stream</include>
        <include>org.apache.camel:camel-stringtemplate</include>
        <include>org.apache.camel:camel-syslog</include>
        <include>org.apache.camel:camel-tagsoup</include>
        <include>org.apache.camel:camel-test</include>
        <include>org.apache.camel:camel-test-blueprint</include>
        <include>org.apache.camel:camel-test-spring</include>
        <include>org.apache.camel:camel-testng</include>
        <include>org.apache.camel:camel-twitter</include>
        <include>org.apache.camel:camel-urlrewrite</include>
        <include>org.apache.camel:camel-velocity</include>
        <include>org.apache.camel:camel-websocket</include>
        <include>org.apache.camel:camel-xmlbeans</include>
        <include>org.apache.camel:camel-xmljson</include>
        <include>org.apache.camel:camel-xmlrpc</include>
        <include>org.apache.camel:camel-xmlsecurity</include>
        <include>org.apache.camel:camel-xmpp</include>
        <include>org.apache.camel:camel-xstream</include>
        <include>org.apache.camel:camel-zipfile</include>
        <include>org.apache.camel:camel-zookeeper</include>
        <include>org.apache.camel.karaf:camel-karaf-commands</include>
        <!-- this jar is mandatory -->
        <include>org.slf4j:slf4j-api</include>
      </includes>
    </dependencySet>
    <!-- this is needed for the jasypt tooling -->
    <dependencySet>
      <outputDirectory>/lib/optional</outputDirectory>
      <unpack>false</unpack>
      <scope>runtime</scope>
      <includes>
        <include>org.jasypt:jasypt</include>
      </includes>
    </dependencySet>
  </dependencySets>

</component>
