<?xml version="1.0" encoding="UTF-8"?>
<project xmlns="http://maven.apache.org/POM/4.0.0" xmlns:xsi="http://www.w3.org/2001/XMLSchema-instance" xsi:schemaLocation="http://maven.apache.org/POM/4.0.0 http://maven.apache.org/maven-v4_0_0.xsd">
  <parent>
    <artifactId>camel-parent</artifactId>
    <groupId>org.apache.camel</groupId>
    <version>2.11.0</version>
    <relativePath>../parent/pom.xml</relativePath>
  </parent>
  <modelVersion>4.0.0</modelVersion>
  <artifactId>camel-core</artifactId>
  <packaging>bundle</packaging>
  <name>Camel :: Core</name>
  <description>The Core Camel Java DSL based router</description>
  <build>
    <plugins>
      <plugin>
        <artifactId>maven-shade-plugin</artifactId>
        <executions>
          <execution>
            <phase>package</phase>
            <goals>
              <goal>shade</goal>
            </goals>
            <configuration>
              <artifactSet>
                <includes>
                  <include>com.googlecode.concurrentlinkedhashmap:concurrentlinkedhashmap-lru</include>
                </includes>
              </artifactSet>
              <relocations>
                <relocation>
                  <pattern>com.googlecode.concurrentlinkedhashmap</pattern>
                  <shadedPattern>org.apache.camel.com.googlecode.concurrentlinkedhashmap</shadedPattern>
                </relocation>
              </relocations>
            </configuration>
          </execution>
        </executions>
      </plugin>
      <plugin>
        <artifactId>maven-jar-plugin</artifactId>
        <executions>
          <execution>
            <goals>
              <goal>test-jar</goal>
            </goals>
          </execution>
        </executions>
        <configuration>
          <excludes>
            <exclude>log4j.properties</exclude>
          </excludes>
        </configuration>
      </plugin>
      <plugin>
        <artifactId>maven-surefire-plugin</artifactId>
        <configuration>
          <excludes>
            <exclude>org/apache/camel/component/file/stress/**.java</exclude>
            <exclude>**/DistributedCompletionIntervalTest.java</exclude>
            <exclude>**/DistributedConcurrentPerCorrelationKeyTest.java</exclude>
          </excludes>
          <forkedProcessTimeoutInSeconds>3000</forkedProcessTimeoutInSeconds>
        </configuration>
      </plugin>
      <plugin>
        <groupId>org.apache.camel</groupId>
        <artifactId>camel-package-maven-plugin</artifactId>
        <version>${project.version}</version>
        <executions>
          <execution>
            <phase>generate-resources</phase>
            <goals>
              <goal>generate-components-list</goal>
            </goals>
          </execution>
        </executions>
      </plugin>
    </plugins>
  </build>
  <profiles>
    <profile>
      <id>release</id>
      <build>
        <plugins>
          <plugin>
            <artifactId>maven-javadoc-plugin</artifactId>
            <executions>
              <execution>
                <id>package</id>
                <phase>package</phase>
                <goals>
                  <goal>jar</goal>
                </goals>
              </execution>
            </executions>
            <configuration>
              <links>
                <link>http://download.oracle.com/javase/6/docs/api/</link>
                <link>http://download.oracle.com/javaee/6/api/</link>
              </links>
              <stylesheetfile>${basedir}/../etc/css/stylesheet.css</stylesheetfile>
              <linksource>true</linksource>
              <maxmemory>256m</maxmemory>
              <source>1.6</source>
              <groups>
                <group>
                  <title>Camel API</title>
                  <packages>org.apache.camel</packages>
                </group>
                <group>
                  <title>Fluent API (DSL) for building EIP rules</title>
                  <packages>org.apache.camel.builder:org.apache.camel.builder.*</packages>
                </group>
                <group>
                  <title>The bean and JAXB2 model for EIP rule definitions</title>
                  <packages>org.apache.camel.model:org.apache.camel.model.*</packages>
                </group>
                <group>
                  <title>Strategy APIs for implementors extending Camel</title>
                  <packages>org.apache.camel.spi</packages>
                </group>
                <group>
                  <title>Language APIs and plugins for Expressions and Predicates</title>
                  <packages>org.apache.camel.language:org.apache.camel.language.*</packages>
                </group>
                <group>
                  <title>Processors to implement the Enterprise Integration Patterns</title>
                  <packages>org.apache.camel.processor:org.apache.camel.processor.*</packages>
                </group>
                <group>
                  <title>Camel Components</title>
                  <packages>org.apache.camel.component.*</packages>
                </group>
                <group>
                  <title>Camel Support having base classes to extend</title>
                  <packages>org.apache.camel.support</packages>
                </group>
                <group>
                  <title>Support APIs for implementors</title>
                  <packages>org.apache.camel.support.*</packages>
                </group>
                <group>
                  <title>Main class for running Camel standalone</title>
                  <packages>org.apache.camel.main.*</packages>
                </group>
                <group>
                  <title>Camel Runtime</title>
                  <packages>org.apache.camel.impl:org.apache.camel.impl.*</packages>
                </group>
                <group>
                  <title>Camel Starters</title>
                  <packages>org.apache.camel.main</packages>
                </group>
                <group>
                  <title>Type conversion helper classes</title>
                  <packages>org.apache.camel.converter:org.apache.camel.converter.*</packages>
                </group>
                <group>
                  <title>Utility classes</title>
                  <packages>org.apache.camel.util:org.apache.camel.util.*:org.apache.camel.view</packages>
                </group>
              </groups>
            </configuration>
          </plugin>
        </plugins>
      </build>
    </profile>
  </profiles>
  <dependencies>
    <dependency>
      <groupId>org.slf4j</groupId>
      <artifactId>slf4j-api</artifactId>
      <version>1.6.6</version>
      <scope>compile</scope>
    </dependency>
    <dependency>
      <groupId>org.osgi</groupId>
      <artifactId>org.osgi.core</artifactId>
      <version>4.3.1</version>
      <scope>provided</scope>
      <optional>true</optional>
    </dependency>
    <dependency>
      <groupId>junit</groupId>
      <artifactId>junit</artifactId>
      <version>4.11</version>
      <scope>test</scope>
      <exclusions>
        <exclusion>
          <artifactId>hamcrest-core</artifactId>
          <groupId>org.hamcrest</groupId>
        </exclusion>
      </exclusions>
    </dependency>
    <dependency>
      <groupId>org.slf4j</groupId>
      <artifactId>slf4j-log4j12</artifactId>
      <version>1.7.5</version>
      <scope>test</scope>
      <exclusions>
        <exclusion>
          <artifactId>log4j</artifactId>
          <groupId>log4j</groupId>
        </exclusion>
      </exclusions>
    </dependency>
    <dependency>
      <groupId>org.easymock</groupId>
      <artifactId>easymock</artifactId>
      <version>3.1</version>
      <scope>test</scope>
      <exclusions>
        <exclusion>
          <artifactId>cglib-nodep</artifactId>
          <groupId>cglib</groupId>
        </exclusion>
        <exclusion>
          <artifactId>objenesis</artifactId>
          <groupId>org.objenesis</groupId>
        </exclusion>
      </exclusions>
    </dependency>
    <dependency>
      <groupId>xml-resolver</groupId>
      <artifactId>xml-resolver</artifactId>
      <version>1.2</version>
      <scope>test</scope>
    </dependency>
  </dependencies>
  <reporting>
    <plugins>
      <plugin>
        <artifactId>maven-javadoc-plugin</artifactId>
        <configuration>
          <links>
            <link>http://download.oracle.com/javase/6/docs/api/</link>
            <link>http://download.oracle.com/javaee/6/api/</link>
          </links>
          <stylesheetfile>${basedir}/../etc/css/stylesheet.css</stylesheetfile>
          <linksource>true</linksource>
          <maxmemory>256m</maxmemory>
          <source>1.6</source>
          <groups>
            <group>
              <title>Camel API</title>
              <packages>org.apache.camel</packages>
            </group>
            <group>
              <title>Fluent API (DSL) for building EIP rules</title>
              <packages>org.apache.camel.builder:org.apache.camel.builder.*</packages>
            </group>
            <group>
              <title>The bean and JAXB2 model for EIP rule definitions</title>
              <packages>org.apache.camel.model:org.apache.camel.model.*</packages>
            </group>
            <group>
              <title>Strategy APIs for implementors extending Camel</title>
              <packages>org.apache.camel.spi</packages>
            </group>
            <group>
              <title>Language APIs and plugins for Expressions and Predicates</title>
              <packages>org.apache.camel.language:org.apache.camel.language.*</packages>
            </group>
            <group>
              <title>Processors to implement the Enterprise Integration Patterns</title>
              <packages>org.apache.camel.processor:org.apache.camel.processor.*</packages>
            </group>
            <group>
              <title>Camel Components</title>
              <packages>org.apache.camel.component.*</packages>
            </group>
            <group>
              <title>Support APIs for implementors</title>
              <packages>org.apache.camel.support.*</packages>
            </group>
            <group>
              <title>Main class for running Camel standalone</title>
              <packages>org.apache.camel.main.*</packages>
            </group>
            <group>
              <title>Camel Runtime</title>
              <packages>org.apache.camel.impl:org.apache.camel.impl.*</packages>
            </group>
            <group>
              <title>Type conversion helper classes</title>
              <packages>org.apache.camel.converter:org.apache.camel.converter.*</packages>
            </group>
            <group>
              <title>Utility classes</title>
              <packages>org.apache.camel.util:org.apache.camel.util.*:org.apache.camel.view</packages>
            </group>
          </groups>
        </configuration>
      </plugin>
    </plugins>
  </reporting>
  <properties>
    <camel.osgi.export.service>org.apache.camel.spi.ComponentResolver;component=direct,
      org.apache.camel.spi.ComponentResolver;component=vm,
      org.apache.camel.spi.ComponentResolver;component=bean,
      org.apache.camel.spi.ComponentResolver;component=mock,
      org.apache.camel.spi.ComponentResolver;component=test,
      org.apache.camel.spi.ComponentResolver;component=stub,
      org.apache.camel.spi.ComponentResolver;component=validator,
      org.apache.camel.spi.ComponentResolver;component=class,
      org.apache.camel.spi.ComponentResolver;component=properties,
      org.apache.camel.spi.ComponentResolver;component=direct-vm,
      org.apache.camel.spi.ComponentResolver;component=log,
      org.apache.camel.spi.ComponentResolver;component=ref,
      org.apache.camel.spi.ComponentResolver;component=xslt,
      org.apache.camel.spi.ComponentResolver;component=browse,
      org.apache.camel.spi.ComponentResolver;component=dataset,
      org.apache.camel.spi.ComponentResolver;component=timer,
      org.apache.camel.spi.ComponentResolver;component=file,
      org.apache.camel.spi.ComponentResolver;component=controlbus,
      org.apache.camel.spi.ComponentResolver;component=binding,
      org.apache.camel.spi.ComponentResolver;component=seda,
      org.apache.camel.spi.ComponentResolver;component=language,
      org.apache.camel.spi.LanguageResolver;language=ref,
      org.apache.camel.spi.LanguageResolver;language=constant,
      org.apache.camel.spi.LanguageResolver;language=bean,
      org.apache.camel.spi.LanguageResolver;language=simple,
      org.apache.camel.spi.LanguageResolver;language=file,
      org.apache.camel.spi.LanguageResolver;language=property,
      org.apache.camel.spi.LanguageResolver;language=header,
      org.apache.camel.spi.LanguageResolver;language=xpath,
      org.apache.camel.spi.LanguageResolver;language=tokenize</camel.osgi.export.service>
    <camel.osgi.activator>org.apache.camel.impl.osgi.Activator</camel.osgi.activator>
    <camel.osgi.export.pkg>org.apache.camel.*;-noimport:=true</camel.osgi.export.pkg>
    <camel.osgi.import>!org.apache.camel.*,
        !com.googlecode.concurrentlinkedhashmap,
        ${camel.osgi.import.defaults},
        org.apache.xalan.xsltc.trax;resolution:=optional,
        javax.activation;resolution:=optional,
        javax.xml.bind;resolution:=optional,
        javax.xml.bind.annotation;resolution:=optional,
        javax.xml.bind.annotation.adapters;resolution:=optional,
        javax.xml.stream;resolution:=optional,
        javax.xml.transform.stax;resolution:=optional,
        *</camel.osgi.import>
    <camel.osgi.dynamic>org.apache.camel.spring.util;${camel.osgi.import.strict.version},org.apache.camel.processor.interceptor.jpa;${camel.osgi.import.strict.version}</camel.osgi.dynamic>
  </properties>
</project>

